title,authors,abstract,pdf_url,published,arxiv_id,Title,Model,Rating,Reasoning,image,image_description
Fine-Tuning and Prompt Optimization: Two Great Steps that Work Better Together,"['Dilara Soylu', 'Christopher Potts', 'Omar Khattab']","Natural Language Processing (NLP) systems are increasingly taking the form of
multi-stage pipelines involving multiple distinct language models (LMs) and
prompting strategies. Here we address the question of how to fine-tune such
systems to improve their performance. We cast this as a problem of optimizing
the underlying LM weights and the prompting strategies together, and consider a
challenging but highly realistic scenario in which we have no gold labels for
any intermediate stages in the pipeline. To address this challenge, we evaluate
approximate optimization strategies in which we bootstrap training labels for
all pipeline stages and use these to optimize the pipeline's prompts and
fine-tune its weights alternatingly. In experiments with multi-hop QA,
mathematical reasoning, and feature-based classification, we find that simple
approaches for optimizing the prompts and weights together outperform directly
optimizing weights alone and prompts alone by up to 65% and 5%, respectively,
on average across LMs and tasks. We will release our new optimizers in DSPy at
http://dspy.ai",http://arxiv.org/pdf/2407.10930v1,2024-07-15,2407.10930v1,Fine-Tuning and Prompt Optimization: Two Great Steps that Work Better Together,gpt-4,highly relevant,"The paper discusses the optimization of prompting strategies in multi-stage NLP pipelines, which aligns with the topic of prompt engineering.",,
VGBench: Evaluating Large Language Models on Vector Graphics Understanding and Generation,"['Bocheng Zou', 'Mu Cai', 'Jianrui Zhang', 'Yong Jae Lee']","In the realm of vision models, the primary mode of representation is using
pixels to rasterize the visual world. Yet this is not always the best or unique
way to represent visual content, especially for designers and artists who
depict the world using geometry primitives such as polygons. Vector graphics
(VG), on the other hand, offer a textual representation of visual content,
which can be more concise and powerful for content like cartoons or sketches.
Recent studies have shown promising results on processing vector graphics with
capable Large Language Models (LLMs). However, such works focus solely on
qualitative results, understanding, or a specific type of vector graphics. We
propose VGBench, a comprehensive benchmark for LLMs on handling vector graphics
through diverse aspects, including (a) both visual understanding and
generation, (b) evaluation of various vector graphics formats, (c) diverse
question types, (d) wide range of prompting techniques, (e) under multiple
LLMs. Evaluating on our collected 4279 understanding and 5845 generation
samples, we find that LLMs show strong capability on both aspects while
exhibiting less desirable performance on low-level formats (SVG). Both data and
evaluation pipeline will be open-sourced at https://vgbench.github.io.",http://arxiv.org/pdf/2407.10972v1,2024-07-15,2407.10972v1,VGBench: Evaluating Large Language Models on Vector Graphics Understanding and Generation,gpt-4,somewhat relevant,"The paper touches on the topic of prompt engineering when stating it considers a 'wide range of prompting techniques' in relation to the evaluation of Large Language Models handling vector graphics. However, it does not specifically address hard prefix prompting.",,
An Actionable Framework for Assessing Bias and Fairness in Large Language Model Use Cases,['Dylan Bouchard'],"Large language models (LLMs) can exhibit bias in a variety of ways. Such
biases can create or exacerbate unfair outcomes for certain groups within a
protected attribute, including, but not limited to sex, race, sexual
orientation, or age. This paper aims to provide a technical guide for
practitioners to assess bias and fairness risks in LLM use cases. The main
contribution of this work is a decision framework that allows practitioners to
determine which metrics to use for a specific LLM use case. To achieve this,
this study categorizes LLM bias and fairness risks, maps those risks to a
taxonomy of LLM use cases, and then formally defines various metrics to assess
each type of risk. As part of this work, several new bias and fairness metrics
are introduced, including innovative counterfactual metrics as well as metrics
based on stereotype classifiers. Instead of focusing solely on the model
itself, the sensitivity of both prompt-risk and model-risk are taken into
account by defining evaluations at the level of an LLM use case, characterized
by a model and a population of prompts. Furthermore, because all of the
evaluation metrics are calculated solely using the LLM output, the proposed
framework is highly practical and easily actionable for practitioners.",http://arxiv.org/pdf/2407.10853v1,2024-07-15,2407.10853v1,An Actionable Framework for Assessing Bias and Fairness in Large Language Model Use Cases,gpt-4,somewhat irrelevant,"The paper involves a study about bias and fairness in large language models and the risks that come with them, but does not specifically discuss or focus on hard prefix prompting or prompt engineering.",,
Qwen2-Audio Technical Report,"['Yunfei Chu', 'Jin Xu', 'Qian Yang', 'Haojie Wei', 'Xipin Wei', 'Zhifang Guo', 'Yichong Leng', 'Yuanjun Lv', 'Jinzheng He', 'Junyang Lin', 'Chang Zhou', 'Jingren Zhou']","We introduce the latest progress of Qwen-Audio, a large-scale audio-language
model called Qwen2-Audio, which is capable of accepting various audio signal
inputs and performing audio analysis or direct textual responses with regard to
speech instructions. In contrast to complex hierarchical tags, we have
simplified the pre-training process by utilizing natural language prompts for
different data and tasks, and have further expanded the data volume. We have
boosted the instruction-following capability of Qwen2-Audio and implemented two
distinct audio interaction modes for voice chat and audio analysis. In the
voice chat mode, users can freely engage in voice interactions with Qwen2-Audio
without text input. In the audio analysis mode, users could provide audio and
text instructions for analysis during the interaction. Note that we do not use
any system prompts to switch between voice chat and audio analysis modes.
Qwen2-Audio is capable of intelligently comprehending the content within audio
and following voice commands to respond appropriately. For instance, in an
audio segment that simultaneously contains sounds, multi-speaker conversations,
and a voice command, Qwen2-Audio can directly understand the command and
provide an interpretation and response to the audio. Additionally, DPO has
optimized the model's performance in terms of factuality and adherence to
desired behavior. According to the evaluation results from AIR-Bench,
Qwen2-Audio outperformed previous SOTAs, such as Gemini-1.5-pro, in tests
focused on audio-centric instruction-following capabilities. Qwen2-Audio is
open-sourced with the aim of fostering the advancement of the multi-modal
language community.",http://arxiv.org/pdf/2407.10759v1,2024-07-15,2407.10759v1,Qwen2-Audio Technical Report,gpt-4,somewhat irrelevant,"While the paper appears to involve the use of natural language prompts in some way, it does not clearly discuss the use of hard prefix prompts or delve into prompt engineering strategies. Moreover, the focus is more on the model's audio language capabilities rather than prompt engineering.",,
Codebook LLMs: Adapting Political Science Codebooks for LLM Use and Adapting LLMs to Follow Codebooks,"['Andrew Halterman', 'Katherine A. Keith']","Codebooks -- documents that operationalize constructs and outline annotation
procedures -- are used almost universally by social scientists when coding
unstructured political texts. Recently, to reduce manual annotation costs,
political scientists have looked to generative large language models (LLMs) to
label and analyze text data. However, previous work using LLMs for
classification has implicitly relied on the universal label assumption --
correct classification of documents is possible using only a class label or
minimal definition and the information that the LLM inductively learns during
its pre-training. In contrast, we argue that political scientists who care
about valid measurement should instead make a codebook-construct label
assumption -- an LLM should follow the definition and exclusion criteria of a
construct/label provided in a codebook. In this work, we collect and curate
three political science datasets and their original codebooks and conduct a set
of experiments to understand whether LLMs comply with codebook instructions,
whether rewriting codebooks improves performance, and whether
instruction-tuning LLMs on codebook-document-label tuples improves performance
over zero-shot classification. Using Mistral 7B Instruct as our LLM, we find
re-structuring the original codebooks gives modest gains in zero-shot
performance but the model still struggles to comply with the constraints of the
codebooks. Optimistically, instruction-tuning Mistral on one of our datasets
gives significant gains over zero-shot inference (0.76 versus 0.53 micro F1).
We hope our conceptualization of the codebook-specific task, assumptions, and
instruction-tuning pipeline as well our semi-structured LLM codebook format
will help political scientists readily adapt to the LLM era.",http://arxiv.org/pdf/2407.10747v1,2024-07-15,2407.10747v1,Codebook LLMs: Adapting Political Science Codebooks for LLM Use and Adapting LLMs to Follow Codebooks,gpt-4,somewhat irrelevant,"The paper focuses on the adaptation of codebooks for use with Large Language Models in the political science field. While it discusses instruction-tuning and does seem to use preprocessing strategies, it does not explicitly mention or focus on hard prefix prompting or prompt engineering.",,
When Synthetic Traces Hide Real Content: Analysis of Stable Diffusion Image Laundering,"['Sara Mandelli', 'Paolo Bestagini', 'Stefano Tubaro']","In recent years, methods for producing highly realistic synthetic images have
significantly advanced, allowing the creation of high-quality images from text
prompts that describe the desired content. Even more impressively, Stable
Diffusion (SD) models now provide users with the option of creating synthetic
images in an image-to-image translation fashion, modifying images in the latent
space of advanced autoencoders. This striking evolution, however, brings an
alarming consequence: it is possible to pass an image through SD autoencoders
to reproduce a synthetic copy of the image with high realism and almost no
visual artifacts. This process, known as SD image laundering, can transform
real images into lookalike synthetic ones and risks complicating forensic
analysis for content authenticity verification. Our paper investigates the
forensic implications of image laundering, revealing a serious potential to
obscure traces of real content, including sensitive and harmful materials that
could be mistakenly classified as synthetic, thereby undermining the protection
of individuals depicted. To address this issue, we propose a two-stage
detection pipeline that effectively differentiates between pristine, laundered,
and fully synthetic images (those generated from text prompts), showing
robustness across various conditions. Finally, we highlight another alarming
property of image laundering, which appears to mask the unique artifacts
exploited by forensic detectors to solve the camera model identification task,
strongly undermining their performance. Our experimental code is available at
https://github.com/polimi-ispl/synthetic-image-detection.",http://arxiv.org/pdf/2407.10736v1,2024-07-15,2407.10736v1,When Synthetic Traces Hide Real Content: Analysis of Stable Diffusion Image Laundering,gpt-4,somewhat irrelevant,"While this paper mentions the use of text prompts in generating synthetic images, its main focus is on forensic implications of image laundering rather than on developing or improving prompt engineering techniques.",,
Make-An-Agent: A Generalizable Policy Network Generator with Behavior-Prompted Diffusion,"['Yongyuan Liang', 'Tingqiang Xu', 'Kaizhe Hu', 'Guangqi Jiang', 'Furong Huang', 'Huazhe Xu']","Can we generate a control policy for an agent using just one demonstration of
desired behaviors as a prompt, as effortlessly as creating an image from a
textual description? In this paper, we present Make-An-Agent, a novel policy
parameter generator that leverages the power of conditional diffusion models
for behavior-to-policy generation. Guided by behavior embeddings that encode
trajectory information, our policy generator synthesizes latent parameter
representations, which can then be decoded into policy networks. Trained on
policy network checkpoints and their corresponding trajectories, our generation
model demonstrates remarkable versatility and scalability on multiple tasks and
has a strong generalization ability on unseen tasks to output well-performed
policies with only few-shot demonstrations as inputs. We showcase its efficacy
and efficiency on various domains and tasks, including varying objectives,
behaviors, and even across different robot manipulators. Beyond simulation, we
directly deploy policies generated by Make-An-Agent onto real-world robots on
locomotion tasks.",http://arxiv.org/pdf/2407.10973v1,2024-07-15,2407.10973v1,Make-An-Agent: A Generalizable Policy Network Generator with Behavior-Prompted Diffusion,gpt-4,highly irrelevant,"This paper is about control policy generation for agents and their deployment on real-world robots, not about hard prefix prompting or prompt engineering.",,
Q-Sparse: All Large Language Models can be Fully Sparsely-Activated,"['Hongyu Wang', 'Shuming Ma', 'Ruiping Wang', 'Furu Wei']","We introduce, Q-Sparse, a simple yet effective approach to training
sparsely-activated large language models (LLMs). Q-Sparse enables full sparsity
of activations in LLMs which can bring significant efficiency gains in
inference. This is achieved by applying top-K sparsification to the activations
and the straight-through-estimator to the training. The key results from this
work are, (1) Q-Sparse can achieve results comparable to those of baseline LLMs
while being much more efficient at inference time; (2) We present an
inference-optimal scaling law for sparsely-activated LLMs; (3) Q-Sparse is
effective in different settings, including training-from-scratch,
continue-training of off-the-shelf LLMs, and finetuning; (4) Q-Sparse works for
both full-precision and 1-bit LLMs (e.g., BitNet b1.58). Particularly, the
synergy of BitNet b1.58 and Q-Sparse (can be equipped with MoE) provides the
cornerstone and a clear path to revolutionize the efficiency, including cost
and energy consumption, of future LLMs.",http://arxiv.org/pdf/2407.10969v1,2024-07-15,2407.10969v1,Q-Sparse: All Large Language Models can be Fully Sparsely-Activated,gpt-4,highly irrelevant,"The paper is dedicated to methods of improving the efficiency of large language models in general, rather than prompt engineering or hard prefix prompting.",,
Ref-AVS: Refer and Segment Objects in Audio-Visual Scenes,"['Yaoting Wang', 'Peiwen Sun', 'Dongzhan Zhou', 'Guangyao Li', 'Honggang Zhang', 'Di Hu']","Traditional reference segmentation tasks have predominantly focused on silent
visual scenes, neglecting the integral role of multimodal perception and
interaction in human experiences. In this work, we introduce a novel task
called Reference Audio-Visual Segmentation (Ref-AVS), which seeks to segment
objects within the visual domain based on expressions containing multimodal
cues. Such expressions are articulated in natural language forms but are
enriched with multimodal cues, including audio and visual descriptions. To
facilitate this research, we construct the first Ref-AVS benchmark, which
provides pixel-level annotations for objects described in corresponding
multimodal-cue expressions. To tackle the Ref-AVS task, we propose a new method
that adequately utilizes multimodal cues to offer precise segmentation
guidance. Finally, we conduct quantitative and qualitative experiments on three
test subsets to compare our approach with existing methods from related tasks.
The results demonstrate the effectiveness of our method, highlighting its
capability to precisely segment objects using multimodal-cue expressions.
Dataset is available at
\href{https://gewu-lab.github.io/Ref-AVS}{https://gewu-lab.github.io/Ref-AVS}.",http://arxiv.org/pdf/2407.10957v1,2024-07-15,2407.10957v1,Ref-AVS: Refer and Segment Objects in Audio-Visual Scenes,gpt-4,highly irrelevant,The paper describes a process for segmenting audio-visual scenes and does not mention any relevance to prompting or prompt engineering.,,
Spider2-V: How Far Are Multimodal Agents From Automating Data Science and Engineering Workflows?,"['Ruisheng Cao', 'Fangyu Lei', 'Haoyuan Wu', 'Jixuan Chen', 'Yeqiao Fu', 'Hongcheng Gao', 'Xinzhuang Xiong', 'Hanchong Zhang', 'Yuchen Mao', 'Wenjing Hu', 'Tianbao Xie', 'Hongshen Xu', 'Danyang Zhang', 'Sida Wang', 'Ruoxi Sun', 'Pengcheng Yin', 'Caiming Xiong', 'Ansong Ni', 'Qian Liu', 'Victor Zhong', 'Lu Chen', 'Kai Yu', 'Tao Yu']","Data science and engineering workflows often span multiple stages, from
warehousing to orchestration, using tools like BigQuery, dbt, and Airbyte. As
vision language models (VLMs) advance in multimodal understanding and code
generation, VLM-based agents could potentially automate these workflows by
generating SQL queries, Python code, and GUI operations. This automation can
improve the productivity of experts while democratizing access to large-scale
data analysis. In this paper, we introduce Spider2-V, the first multimodal
agent benchmark focusing on professional data science and engineering
workflows, featuring 494 real-world tasks in authentic computer environments
and incorporating 20 enterprise-level professional applications. These tasks,
derived from real-world use cases, evaluate the ability of a multimodal agent
to perform data-related tasks by writing code and managing the GUI in
enterprise data software systems. To balance realistic simulation with
evaluation simplicity, we devote significant effort to developing automatic
configurations for task setup and carefully crafting evaluation metrics for
each task. Furthermore, we supplement multimodal agents with comprehensive
documents of these enterprise data software systems. Our empirical evaluation
reveals that existing state-of-the-art LLM/VLM-based agents do not reliably
automate full data workflows (14.0% success). Even with step-by-step guidance,
these agents still underperform in tasks that require fine-grained,
knowledge-intensive GUI actions (16.2%) and involve remote cloud-hosted
workspaces (10.6%). We hope that Spider2-V paves the way for autonomous
multimodal agents to transform the automation of data science and engineering
workflow. Our code and data are available at https://spider2-v.github.io.",http://arxiv.org/pdf/2407.10956v1,2024-07-15,2407.10956v1,Spider2-V: How Far Are Multimodal Agents From Automating Data Science and Engineering Workflows?,gpt-4,highly irrelevant,"The paper emphasizes multimodal agent benchmarks and autonomous data workflows, but it doesn't discuss hard prefix prompts or prompt engineering in any context.",,
MMM: Multilingual Mutual Reinforcement Effect Mix Datasets & Test with Open-domain Information Extraction Large Language Models,"['Chengguang Gan', 'Qingyu Yin', 'Xinyang He', 'Hanjun Wei', 'Yunhao Liang', 'Younghun Lim', 'Shijian Wang', 'Hexiang Huang', 'Qinghao Zhang', 'Shiwen Ni', 'Tatsunori Mori']","The Mutual Reinforcement Effect (MRE) represents a promising avenue in
information extraction and multitasking research. Nevertheless, its
applicability has been constrained due to the exclusive availability of MRE mix
datasets in Japanese, thereby limiting comprehensive exploration by the global
research community. To address this limitation, we introduce a Multilingual MRE
mix dataset (MMM) that encompasses 21 sub-datasets in English, Japanese, and
Chinese. In this paper, we also propose a method for dataset translation
assisted by Large Language Models (LLMs), which significantly reduces the
manual annotation time required for dataset construction by leveraging LLMs to
translate the original Japanese datasets. Additionally, we have enriched the
dataset by incorporating open-domain Named Entity Recognition (NER) and
sentence classification tasks. Utilizing this expanded dataset, we developed a
unified input-output framework to train an Open-domain Information Extraction
Large Language Model (OIELLM). The OIELLM model demonstrates the capability to
effectively process novel MMM datasets, exhibiting significant improvements in
performance.",http://arxiv.org/pdf/2407.10953v1,2024-07-15,2407.10953v1,MMM: Multilingual Mutual Reinforcement Effect Mix Datasets & Test with Open-domain Information Extraction Large Language Models,gpt-4,highly irrelevant,"While this paper uses Large Language Models (LLMs) and develops an Open-domain Information Extraction Large Language Model (OIELLM), it doesn't specifically address or employ hard prefix prompting or any form of prompt engineering for that matter, but rather focuses on the construction and use of multilingual data sets.",,
Representing Rule-based Chatbots with Transformers,"['Dan Friedman', 'Abhishek Panigrahi', 'Danqi Chen']","Transformer-based chatbots can conduct fluent, natural-sounding
conversations, but we have limited understanding of the mechanisms underlying
their behavior. Prior work has taken a bottom-up approach to understanding
Transformers by constructing Transformers for various synthetic and formal
language tasks, such as regular expressions and Dyck languages. However, it is
not obvious how to extend this approach to understand more naturalistic
conversational agents. In this work, we take a step in this direction by
constructing a Transformer that implements the ELIZA program, a classic,
rule-based chatbot. ELIZA illustrates some of the distinctive challenges of the
conversational setting, including both local pattern matching and long-term
dialog state tracking. We build on constructions from prior work -- in
particular, for simulating finite-state automata -- showing how simpler
constructions can be composed and extended to give rise to more sophisticated
behavior. Next, we train Transformers on a dataset of synthetically generated
ELIZA conversations and investigate the mechanisms the models learn. Our
analysis illustrates the kinds of mechanisms these models tend to prefer -- for
example, models favor an induction head mechanism over a more precise, position
based copying mechanism; and using intermediate generations to simulate
recurrent data structures, like ELIZA's memory mechanisms. Overall, by drawing
an explicit connection between neural chatbots and interpretable, symbolic
mechanisms, our results offer a new setting for mechanistic analysis of
conversational agents.",http://arxiv.org/pdf/2407.10949v1,2024-07-15,2407.10949v1,Representing Rule-based Chatbots with Transformers,gpt-4,highly irrelevant,"While the paper focuses on transformer models in a chatbot setting, it does not discuss or mention the use or analysis of hard prefix prompting or any approach to prompt engineering.",,
Learning from Naturally Occurring Feedback,"['Shachar Don-Yehiya', 'Leshem Choshen', 'Omri Abend']","Human feedback data is a critical component in developing language models.
However, collecting this feedback is costly and ultimately not scalable. We
propose a scalable method for extracting feedback that users naturally include
when interacting with chat models, and leveraging it for model training. We are
further motivated by previous work that showed there are also qualitative
advantages to using naturalistic (rather than auto-generated) feedback, such as
less hallucinations and biases. We manually annotated conversation data to
confirm the presence of naturally occurring feedback in a standard corpus,
finding that as much as 30% of the chats include explicit feedback. We apply
our method to over 1M conversations to obtain hundreds of thousands of feedback
samples. Training with the extracted feedback shows significant performance
improvements over baseline models, demonstrating the efficacy of our approach
in enhancing model alignment to human preferences.",http://arxiv.org/pdf/2407.10944v1,2024-07-15,2407.10944v1,Learning from Naturally Occurring Feedback,gpt-4,highly irrelevant,This paper focuses on a method for extracting feedback from users interacting with chat models for model training. There is no specific mention of prompt engineering or hard prefix prompts.,,
Benchmarking Vision Language Models for Cultural Understanding,"['Shravan Nayak', 'Kanishk Jain', 'Rabiul Awal', 'Siva Reddy', 'Sjoerd van Steenkiste', 'Lisa Anne Hendricks', 'Karolina StaÅ„czak', 'Aishwarya Agrawal']","Foundation models and vision-language pre-training have notably advanced
Vision Language Models (VLMs), enabling multimodal processing of visual and
linguistic data. However, their performance has been typically assessed on
general scene understanding - recognizing objects, attributes, and actions -
rather than cultural comprehension. This study introduces CulturalVQA, a visual
question-answering benchmark aimed at assessing VLM's geo-diverse cultural
understanding. We curate a collection of 2,378 image-question pairs with 1-5
answers per question representing cultures from 11 countries across 5
continents. The questions probe understanding of various facets of culture such
as clothing, food, drinks, rituals, and traditions. Benchmarking VLMs on
CulturalVQA, including GPT-4V and Gemini, reveals disparity in their level of
cultural understanding across regions, with strong cultural understanding
capabilities for North America while significantly lower performance for
Africa. We observe disparity in their performance across cultural facets too,
with clothing, rituals, and traditions seeing higher performances than food and
drink. These disparities help us identify areas where VLMs lack cultural
understanding and demonstrate the potential of CulturalVQA as a comprehensive
evaluation set for gauging VLM progress in understanding diverse cultures.",http://arxiv.org/pdf/2407.10920v1,2024-07-15,2407.10920v1,Benchmarking Vision Language Models for Cultural Understanding,gpt-4,highly irrelevant,The paper focuses on benchmarking Vision Language Models for cultural understanding and does not discuss prefix prompts or prompt engineering techniques.,,
Leveraging LLM-Respondents for Item Evaluation: a Psychometric Analysis,"['Yunting Liu', 'Shreya Bhandari', 'Zachary A. Pardos']","Effective educational measurement relies heavily on the curation of
well-designed item pools (i.e., possessing the right psychometric properties).
However, item calibration is time-consuming and costly, requiring a sufficient
number of respondents for the response process. We explore using six different
LLMs (GPT-3.5, GPT-4, Llama 2, Llama 3, Gemini-Pro, and Cohere Command R Plus)
and various combinations of them using sampling methods to produce responses
with psychometric properties similar to human answers. Results show that some
LLMs have comparable or higher proficiency in College Algebra than college
students. No single LLM mimics human respondents due to narrow proficiency
distributions, but an ensemble of LLMs can better resemble college students'
ability distribution. The item parameters calibrated by LLM-Respondents have
high correlations (e.g. > 0.8 for GPT-3.5) compared to their human calibrated
counterparts, and closely resemble the parameters of the human subset (e.g.
0.02 Spearman correlation difference). Several augmentation strategies are
evaluated for their relative performance, with resampling methods proving most
effective, enhancing the Spearman correlation from 0.89 (human only) to 0.93
(augmented human).",http://arxiv.org/pdf/2407.10899v1,2024-07-15,2407.10899v1,Leveraging LLM-Respondents for Item Evaluation: a Psychometric Analysis,gpt-4,highly irrelevant,The paper focuses on using large language models for educational measurement and does not mention hard prefix prompts or any prompt engineering techniques.,,
Leveraging Multimodal CycleGAN for the Generation of Anatomically Accurate Synthetic CT Scans from MRIs,"['Leonardo Crespi', 'Samuele Camnasio', 'Damiano Dei', 'Nicola Lambri', 'Pietro Mancosu', 'Marta Scorsetti', 'Daniele Loiacono']","In many clinical settings, the use of both Computed Tomography (CT) and
Magnetic Resonance (MRI) is necessary to pursue a thorough understanding of the
patient's anatomy and to plan a suitable therapeutical strategy; this is often
the case in MRI-based radiotherapy, where CT is always necessary to prepare the
dose delivery, as it provides the essential information about the radiation
absorption properties of the tissues. Sometimes, MRI is preferred to contour
the target volumes. However, this approach is often not the most efficient, as
it is more expensive, time-consuming and, most importantly, stressful for the
patients. To overcome this issue, in this work, we analyse the capabilities of
different configurations of Deep Learning models to generate synthetic CT scans
from MRI, leveraging the power of Generative Adversarial Networks (GANs) and,
in particular, the CycleGAN architecture, capable of working in an unsupervised
manner and without paired images, which were not available. Several CycleGAN
models were trained unsupervised to generate CT scans from different MRI
modalities with and without contrast agents. To overcome the problem of not
having a ground truth, distribution-based metrics were used to assess the
model's performance quantitatively, together with a qualitative evaluation
where physicians were asked to differentiate between real and synthetic images
to understand how realistic the generated images were. The results show how,
depending on the input modalities, the models can have very different
performances; however, models with the best quantitative results, according to
the distribution-based metrics used, can generate very difficult images to
distinguish from the real ones, even for physicians, demonstrating the
approach's potential.",http://arxiv.org/pdf/2407.10888v1,2024-07-15,2407.10888v1,Leveraging Multimodal CycleGAN for the Generation of Anatomically Accurate Synthetic CT Scans from MRIs,gpt-4,highly irrelevant,"The paper is focused on the use of Deep Learning and Generative Adversarial Networks specifically for generating synthetic CT scans from MRIs and does not discuss anything related to prompts, hard prefix prompting, or prompt engineering.",,
"Hey, That's My Model! Introducing Chain & Hash, An LLM Fingerprinting Technique","['Mark Russinovich', 'Ahmed Salem']","Amid growing concerns over the ease of theft and misuse of Large Language
Models (LLMs), the need for fingerprinting models has increased.
Fingerprinting, in this context, means that the model owner can link a given
model to their original version, thereby identifying if their model is being
misused or has been completely stolen. In this paper, we first define a set
five properties a successful fingerprint should satisfy; namely, the
fingerprint should be Transparent, Efficient, Persistent, Robust, and
Unforgeable. Next, we propose Chain & Hash, a new, simple fingerprinting
approach that implements a fingerprint with a cryptographic flavor, achieving
all these properties. Chain & Hash involves generating a set of questions (the
fingerprints) along with a set of potential answers. These elements are hashed
together using a secure hashing technique to select the value for each
question, hence providing an unforgeability property-preventing adversaries
from claiming false ownership. We evaluate the Chain & Hash technique on
multiple models and demonstrate its robustness against benign transformations,
such as fine-tuning on different datasets, and adversarial attempts to erase
the fingerprint. Finally, our experiments demonstrate the efficiency of
implementing Chain & Hash and its utility, where fingerprinted models achieve
almost the same performance as non-fingerprinted ones across different
benchmarks.",http://arxiv.org/pdf/2407.10887v1,2024-07-15,2407.10887v1,"Hey, That's My Model! Introducing Chain & Hash, An LLM Fingerprinting Technique",gpt-4,highly irrelevant,"The paper introduces a unique fingerprinting approach for Large Language Models (LLMs), but does not mention or discuss prompt engineering or hard prefix prompting.",,
Deep Causal Learning to Explain and Quantify The Geo-Tension's Impact on Natural Gas Market,"['Philipp Kai Peter', 'Yulin Li', 'Ziyue Li', 'Wolfgang Ketter']","Natural gas demand is a crucial factor for predicting natural gas prices and
thus has a direct influence on the power system. However, existing methods face
challenges in assessing the impact of shocks, such as the outbreak of the
Russian-Ukrainian war. In this context, we apply deep neural network-based
Granger causality to identify important drivers of natural gas demand.
Furthermore, the resulting dependencies are used to construct a counterfactual
case without the outbreak of the war, providing a quantifiable estimate of the
overall effect of the shock on various German energy sectors. The code and
dataset are available at https://github.com/bonaldli/CausalEnergy.",http://arxiv.org/pdf/2407.10878v1,2024-07-15,2407.10878v1,Deep Causal Learning to Explain and Quantify The Geo-Tension's Impact on Natural Gas Market,gpt-4,highly irrelevant,This paper revolves around the application of deep neural network-based Granger causality to analyze natural gas demand and doesn't mention or imply any use of hard prefix prompting or prompt engineering techniques.,,
Understanding the Importance of Evolutionary Search in Automated Heuristic Design with Large Language Models,"['Rui Zhang', 'Fei Liu', 'Xi Lin', 'Zhenkun Wang', 'Zhichao Lu', 'Qingfu Zhang']","Automated heuristic design (AHD) has gained considerable attention for its
potential to automate the development of effective heuristics. The recent
advent of large language models (LLMs) has paved a new avenue for AHD, with
initial efforts focusing on framing AHD as an evolutionary program search (EPS)
problem. However, inconsistent benchmark settings, inadequate baselines, and a
lack of detailed component analysis have left the necessity of integrating LLMs
with search strategies and the true progress achieved by existing LLM-based EPS
methods to be inadequately justified. This work seeks to fulfill these research
queries by conducting a large-scale benchmark comprising four LLM-based EPS
methods and four AHD problems across nine LLMs and five independent runs. Our
extensive experiments yield meaningful insights, providing empirical grounding
for the importance of evolutionary search in LLM-based AHD approaches, while
also contributing to the advancement of future EPS algorithmic development. To
foster accessibility and reproducibility, we have fully open-sourced our
benchmark and corresponding results.",http://arxiv.org/pdf/2407.10873v1,2024-07-15,2407.10873v1,Understanding the Importance of Evolutionary Search in Automated Heuristic Design with Large Language Models,gpt-4,highly irrelevant,"The paper discusses automated heuristic design using large language models, and focuses on the evolutionary program search problem within this domain, not prompt engineering.",,
GPT Sonograpy: Hand Gesture Decoding from Forearm Ultrasound Images via VLM,"['Keshav Bimbraw', 'Ye Wang', 'Jing Liu', 'Toshiaki Koike-Akino']","Large vision-language models (LVLMs), such as the Generative Pre-trained
Transformer 4-omni (GPT-4o), are emerging multi-modal foundation models which
have great potential as powerful artificial-intelligence (AI) assistance tools
for a myriad of applications, including healthcare, industrial, and academic
sectors. Although such foundation models perform well in a wide range of
general tasks, their capability without fine-tuning is often limited in
specialized tasks. However, full fine-tuning of large foundation models is
challenging due to enormous computation/memory/dataset requirements. We show
that GPT-4o can decode hand gestures from forearm ultrasound data even with no
fine-tuning, and improves with few-shot, in-context learning.",http://arxiv.org/pdf/2407.10870v1,2024-07-15,2407.10870v1,GPT Sonograpy: Hand Gesture Decoding from Forearm Ultrasound Images via VLM,gpt-4,highly irrelevant,"The paper focuses on using a large vision-language model for decoding hand gestures from ultrasound data, with no mentions of prompts.",,
Weighted Grouped Query Attention in Transformers,"['Sai Sena Chinnakonduru', 'Astarag Mohapatra']","The attention mechanism forms the foundational blocks for transformer
language models. Recent approaches show that scaling the model achieves
human-level performance. However, with increasing demands for scaling and
constraints on hardware memory, the inference costs of these models remain
high. To reduce the inference time, Multi-Query Attention (MQA) and
Grouped-Query Attention (GQA) were proposed in (Shazeer, 2019) and (Ainslieet
al., 2023) respectively. In this paper, we propose a variation of Grouped-Query
Attention, termed Weighted Grouped-Query Attention (WGQA). We introduced new
learnable parameters for each key and value head in the T5 decoder attention
blocks, enabling the model to take a weighted average during finetuning. Our
model achieves an average of 0.53% improvement over GQA, and the performance
converges to traditional Multi-head attention (MHA) with no additional overhead
during inference. We evaluated the introduction of these parameters and
subsequent finetuning informs the model about the grouping mechanism during
training, thereby enhancing performance. Additionally, we demonstrate the
scaling laws in our analysis by comparing the results between T5-small and
T5-base architecture.",http://arxiv.org/pdf/2407.10855v1,2024-07-15,2407.10855v1,Weighted Grouped Query Attention in Transformers,gpt-4,highly irrelevant,The paper discusses an attention mechanism in transformer language models but does not mention the use of hard prefix prompting or prompt engineering.,,
Offline Reinforcement Learning with Imputed Rewards,"['Carlo Romeo', 'Andrew D. Bagdanov']","Offline Reinforcement Learning (ORL) offers a robust solution to training
agents in applications where interactions with the environment must be strictly
limited due to cost, safety, or lack of accurate simulation environments.
Despite its potential to facilitate deployment of artificial agents in the real
world, Offline Reinforcement Learning typically requires very many
demonstrations annotated with ground-truth rewards. Consequently,
state-of-the-art ORL algorithms can be difficult or impossible to apply in
data-scarce scenarios. In this paper we propose a simple but effective Reward
Model that can estimate the reward signal from a very limited sample of
environment transitions annotated with rewards. Once the reward signal is
modeled, we use the Reward Model to impute rewards for a large sample of
reward-free transitions, thus enabling the application of ORL techniques. We
demonstrate the potential of our approach on several D4RL continuous locomotion
tasks. Our results show that, using only 1\% of reward-labeled transitions from
the original datasets, our learned reward model is able to impute rewards for
the remaining 99\% of the transitions, from which performant agents can be
learned using Offline Reinforcement Learning.",http://arxiv.org/pdf/2407.10839v1,2024-07-15,2407.10839v1,Offline Reinforcement Learning with Imputed Rewards,gpt-4,highly irrelevant,The paper focuses on offline reinforcement learning and developing reward models for improving performance of learning agents. There is no mention of prompt engineering or hard prefix prompting.,,
MetaLLM: A High-performant and Cost-efficient Dynamic Framework for Wrapping LLMs,"['Quang H. Nguyen', 'Duy C. Hoang', 'Juliette Decugis', 'Saurav Manchanda', 'Nitesh V. Chawla', 'Khoa D. Doan']","The rapid progress in machine learning (ML) has brought forth many large
language models (LLMs) that excel in various tasks and areas. These LLMs come
with different abilities and costs in terms of computation or pricing. Since
the demand for each query can vary, e.g., because of the queried domain or its
complexity, defaulting to one LLM in an application is not usually the best
choice, whether it is the biggest, priciest, or even the one with the best
average test performance. Consequently, picking the right LLM that is both
accurate and cost-effective for an application remains a challenge. In this
paper, we introduce MetaLLM, a framework that dynamically and intelligently
routes each query to the optimal LLM (among several available LLMs) for
classification tasks, achieving significantly improved accuracy and
cost-effectiveness. By framing the selection problem as a multi-armed bandit,
MetaLLM balances prediction accuracy and cost efficiency under uncertainty. Our
experiments, conducted on popular LLM platforms such as OpenAI's GPT models,
Amazon's Titan, Anthropic's Claude, and Meta's LLaMa, showcase MetaLLM's
efficacy in real-world scenarios, laying the groundwork for future extensions
beyond classification tasks.",http://arxiv.org/pdf/2407.10834v1,2024-07-15,2407.10834v1,MetaLLM: A High-performant and Cost-efficient Dynamic Framework for Wrapping LLMs,gpt-4,highly irrelevant,"The paper discusses a framework for optimizing the use of large language models, but does not mention anything about prompt engineering, hard prefix or otherwise.",,
BiasScanner: Automatic Detection and Classification of News Bias to Strengthen Democracy,"['Tim Menzner', 'Jochen L. Leidner']","The increasing consumption of news online in the 21st century coincided with
increased publication of disinformation, biased reporting, hate speech and
other unwanted Web content. We describe BiasScanner, an application that aims
to strengthen democracy by supporting news consumers with scrutinizing news
articles they are reading online. BiasScanner contains a server-side
pre-trained large language model to identify biased sentences of news articles
and a front-end Web browser plug-in. At the time of writing, BiasScanner can
identify and classify more than two dozen types of media bias at the sentence
level, making it the most fine-grained model and only deployed application
(automatic system in use) of its kind. It was implemented in a light-weight and
privacy-respecting manner, and in addition to highlighting likely biased
sentence it also provides explanations for each classification decision as well
as a summary analysis for each news article. While prior research has addressed
news bias detection, we are not aware of any work that resulted in a deployed
browser plug-in (c.f. also biasscanner.org for a Web demo).",http://arxiv.org/pdf/2407.10829v1,2024-07-15,2407.10829v1,BiasScanner: Automatic Detection and Classification of News Bias to Strengthen Democracy,gpt-4,highly irrelevant,"The paper discusses an application for detection and classification of bias in news content using a large language model, but does not focus on or mention hard prefix prompting or prompt engineering techniques.",,
Towards Enhanced Classification of Abnormal Lung sound in Multi-breath: A Light Weight Multi-label and Multi-head Attention Classification Method,"['Yi-Wei Chua', 'Yun-Chien Cheng']","This study aims to develop an auxiliary diagnostic system for classifying
abnormal lung respiratory sounds, enhancing the accuracy of automatic abnormal
breath sound classification through an innovative multi-label learning approach
and multi-head attention mechanism. Addressing the issue of class imbalance and
lack of diversity in existing respiratory sound datasets, our study employs a
lightweight and highly accurate model, using a two-dimensional label set to
represent multiple respiratory sound characteristics. Our method achieved a
59.2% ICBHI score in the four-category task on the ICBHI2017 dataset,
demonstrating its advantages in terms of lightweight and high accuracy. This
study not only improves the accuracy of automatic diagnosis of lung respiratory
sound abnormalities but also opens new possibilities for clinical applications.",http://arxiv.org/pdf/2407.10828v1,2024-07-15,2407.10828v1,Towards Enhanced Classification of Abnormal Lung sound in Multi-breath: A Light Weight Multi-label and Multi-head Attention Classification Method,gpt-4,highly irrelevant,The paper is focused on a diagnostic system for classifying abnormal lung sounds with no reference to hard prefix prompts or prompt engineering.,,
LLM Circuit Analyses Are Consistent Across Training and Scale,"['Curt Tigges', 'Michael Hanna', 'Qinan Yu', 'Stella Biderman']","Most currently deployed large language models (LLMs) undergo continuous
training or additional finetuning. By contrast, most research into LLMs'
internal mechanisms focuses on models at one snapshot in time (the end of
pre-training), raising the question of whether their results generalize to
real-world settings. Existing studies of mechanisms over time focus on
encoder-only or toy models, which differ significantly from most deployed
models. In this study, we track how model mechanisms, operationalized as
circuits, emerge and evolve across 300 billion tokens of training in
decoder-only LLMs, in models ranging from 70 million to 2.8 billion parameters.
We find that task abilities and the functional components that support them
emerge consistently at similar token counts across scale. Moreover, although
such components may be implemented by different attention heads over time, the
overarching algorithm that they implement remains. Surprisingly, both these
algorithms and the types of components involved therein can replicate across
model scale. These results suggest that circuit analyses conducted on small
models at the end of pre-training can provide insights that still apply after
additional pre-training and over model scale.",http://arxiv.org/pdf/2407.10827v1,2024-07-15,2407.10827v1,LLM Circuit Analyses Are Consistent Across Training and Scale,gpt-4,highly irrelevant,"The paper primarily focuses on tracking model mechanisms across the training phase of Large Language Models (LLMs) and does not seem to discuss about any aspects related to prompting, post-training procedures, or prompt engineering.",,
Enabling MCTS Explainability for Sequential Planning Through Computation Tree Logic,"['Ziyan An', 'Hendrik Baier', 'Abhishek Dubey', 'Ayan Mukhopadhyay', 'Meiyi Ma']","Monte Carlo tree search (MCTS) is one of the most capable online search
algorithms for sequential planning tasks, with significant applications in
areas such as resource allocation and transit planning. Despite its strong
performance in real-world deployment, the inherent complexity of MCTS makes it
challenging to understand for users without technical background. This paper
considers the use of MCTS in transportation routing services, where the
algorithm is integrated to develop optimized route plans. These plans are
required to meet a range of constraints and requirements simultaneously,
further complicating the task of explaining the algorithm's operation in
real-world contexts. To address this critical research gap, we introduce a
novel computation tree logic-based explainer for MCTS. Our framework begins by
taking user-defined requirements and translating them into rigorous logic
specifications through the use of language templates. Then, our explainer
incorporates a logic verification and quantitative evaluation module that
validates the states and actions traversed by the MCTS algorithm. The outcomes
of this analysis are then rendered into human-readable descriptive text using a
second set of language templates. The user satisfaction of our approach was
assessed through a survey with 82 participants. The results indicated that our
explanatory approach significantly outperforms other baselines in user
preference.",http://arxiv.org/pdf/2407.10820v1,2024-07-15,2407.10820v1,Enabling MCTS Explainability for Sequential Planning Through Computation Tree Logic,gpt-4,highly irrelevant,"This paper primarily discusses Monte Carlo tree search (MCTS) and its use in sequential planning tasks, making it unrelated to the topic of prompt engineering or hard prefix prompting.",,
Foundational Autoraters: Taming Large Language Models for Better Automatic Evaluation,"['Tu Vu', 'Kalpesh Krishna', 'Salaheddin Alzubi', 'Chris Tar', 'Manaal Faruqui', 'Yun-Hsuan Sung']","As large language models (LLMs) advance, it becomes more challenging to
reliably evaluate their output due to the high costs of human evaluation. To
make progress towards better LLM autoraters, we introduce FLAMe, a family of
Foundational Large Autorater Models. FLAMe is trained on our large and diverse
collection of 100+ quality assessment tasks comprising 5M+ human judgments,
curated and standardized using publicly released human evaluations from
previous research. FLAMe significantly improves generalization to a wide
variety of held-out tasks, outperforming LLMs trained on proprietary data like
GPT-4 and Claude-3 on many tasks. We show that FLAMe can also serve as a
powerful starting point for further downstream fine-tuning, using reward
modeling evaluation as a case study (FLAMe-RM). Notably, on RewardBench, our
FLAMe-RM-24B model (with an accuracy of 87.8%) is the top-performing generative
model trained exclusively on permissively licensed data, outperforming both
GPT-4-0125 (85.9%) and GPT-4o (84.7%). Additionally, we explore a more
computationally efficient approach using a novel tail-patch fine-tuning
strategy to optimize our FLAMe multitask mixture for reward modeling evaluation
(FLAMe-Opt-RM), offering competitive RewardBench performance while requiring
approximately 25x less training datapoints. Overall, our FLAMe variants
outperform all popular proprietary LLM-as-a-Judge models we consider across 8
out of 12 autorater evaluation benchmarks, encompassing 53 quality assessment
tasks, including RewardBench and LLM-AggreFact. Finally, our analysis reveals
that FLAMe is significantly less biased than these LLM-as-a-Judge models on the
CoBBLEr autorater bias benchmark, while effectively identifying high-quality
responses for code generation.",http://arxiv.org/pdf/2407.10817v1,2024-07-15,2407.10817v1,Foundational Autoraters: Taming Large Language Models for Better Automatic Evaluation,gpt-4,highly irrelevant,The paper is focused on developing an autoration model for large language models and does not discuss or mention hard-prefix prompts or prompt engineering techniques.,,
"GuideLight: ""Industrial Solution"" Guidance for More Practical Traffic Signal Control Agents","['Haoyuan Jiang', 'Xuantang Xiong', 'Ziyue Li', 'Hangyu Mao', 'Guanghu Sui', 'Jingqing Ruan', 'Yuheng Cheng', 'Hua Wei', 'Wolfgang Ketter', 'Rui Zhao']","Currently, traffic signal control (TSC) methods based on reinforcement
learning (RL) have proven superior to traditional methods. However, most RL
methods face difficulties when applied in the real world due to three factors:
input, output, and the cycle-flow relation. The industry's observable input is
much more limited than simulation-based RL methods. For real-world solutions,
only flow can be reliably collected, whereas common RL methods need more. For
the output action, most RL methods focus on acyclic control, which real-world
signal controllers do not support. Most importantly, industry standards require
a consistent cycle-flow relationship: non-decreasing and different response
strategies for low, medium, and high-level flows, which is ignored by the RL
methods. To narrow the gap between RL methods and industry standards, we
innovatively propose to use industry solutions to guide the RL agent.
Specifically, we design behavior cloning and curriculum learning to guide the
agent to mimic and meet industry requirements and, at the same time, leverage
the power of exploration and exploitation in RL for better performance. We
theoretically prove that such guidance can largely decrease the sample
complexity to polynomials in the horizon when searching for an optimal policy.
Our rigid experiments show that our method has good cycle-flow relation and
superior performance.",http://arxiv.org/pdf/2407.10811v1,2024-07-15,2407.10811v1,"GuideLight: ""Industrial Solution"" Guidance for More Practical Traffic Signal Control Agents",gpt-4,highly irrelevant,"This paper is about reinforcement learning methods applied to traffic signal control, not hard prefix prompting or prompt engineering.",,
FabGPT: An Efficient Large Multimodal Model for Complex Wafer Defect Knowledge Queries,"['Yuqi Jiang', 'Xudong Lu', 'Qian Jin', 'Qi Sun', 'Hanming Wu', 'Cheng Zhuo']","Intelligence is key to advancing integrated circuit (IC) fabrication. Recent
breakthroughs in Large Multimodal Models (LMMs) have unlocked unparalleled
abilities in understanding images and text, fostering intelligent fabrication.
Leveraging the power of LMMs, we introduce FabGPT, a customized IC fabrication
large multimodal model for wafer defect knowledge query. FabGPT manifests
expertise in conducting defect detection in Scanning Electron Microscope (SEM)
images, performing root cause analysis, and providing expert question-answering
(Q&A) on fabrication processes. FabGPT matches enhanced multimodal features to
automatically detect minute defects under complex wafer backgrounds and reduce
the subjectivity of manual threshold settings. Besides, the proposed modulation
module and interactive corpus training strategy embed wafer defect knowledge
into the pre-trained model, effectively balancing Q&A queries related to defect
knowledge and original knowledge and mitigating the modality bias issues.
Experiments on in-house fab data (SEM-WaD) show that our FabGPT achieves
significant performance improvement in wafer defect detection and knowledge
querying.",http://arxiv.org/pdf/2407.10810v1,2024-07-15,2407.10810v1,FabGPT: An Efficient Large Multimodal Model for Complex Wafer Defect Knowledge Queries,gpt-4,highly irrelevant,"The paper focuses on a multimodal model for IC fabrication and wafer defect knowledge query, without any mention of prompt engineering or similar techniques.",,
Employing Sentence Space Embedding for Classification of Data Stream from Fake News Domain,"['PaweÅ‚ Zyblewski', 'Jakub Klikowski', 'Weronika Borek-Marciniec', 'PaweÅ‚ Ksieniewicz']","Tabular data is considered the last unconquered castle of deep learning, yet
the task of data stream classification is stated to be an equally important and
demanding research area. Due to the temporal constraints, it is assumed that
deep learning methods are not the optimal solution for application in this
field. However, excluding the entire -- and prevalent -- group of methods seems
rather rash given the progress that has been made in recent years in its
development. For this reason, the following paper is the first to present an
approach to natural language data stream classification using the sentence
space method, which allows for encoding text into the form of a discrete
digital signal. This allows the use of convolutional deep networks dedicated to
image classification to solve the task of recognizing fake news based on text
data. Based on the real-life Fakeddit dataset, the proposed approach was
compared with state-of-the-art algorithms for data stream classification based
on generalization ability and time complexity.",http://arxiv.org/pdf/2407.10807v1,2024-07-15,2407.10807v1,Employing Sentence Space Embedding for Classification of Data Stream from Fake News Domain,gpt-4,highly irrelevant,The paper focuses on data stream classification using the sentence space method for recognizing fake news based on text data and does not mention or imply use of hard prefix prompting or any sort of prompt engineering.,,
Think-on-Graph 2.0: Deep and Interpretable Large Language Model Reasoning with Knowledge Graph-guided Retrieval,"['Shengjie Ma', 'Chengjin Xu', 'Xuhui Jiang', 'Muzhi Li', 'Huaren Qu', 'Jian Guo']","Retrieval-augmented generation (RAG) has significantly advanced large
language models (LLMs) by enabling dynamic information retrieval to mitigate
knowledge gaps and hallucinations in generated content. However, these systems
often falter with complex reasoning and consistency across diverse queries. In
this work, we present Think-on-Graph 2.0, an enhanced RAG framework that aligns
questions with the knowledge graph and uses it as a navigational tool, which
deepens and refines the RAG paradigm for information collection and
integration. The KG-guided navigation fosters deep and long-range associations
to uphold logical consistency and optimize the scope of retrieval for precision
and interoperability. In conjunction, factual consistency can be better ensured
through semantic similarity guided by precise directives. ToG${2.0}$ not only
improves the accuracy and reliability of LLMs' responses but also demonstrates
the potential of hybrid structured knowledge systems to significantly advance
LLM reasoning, aligning it closer to human-like performance. We conducted
extensive experiments on four public datasets to demonstrate the advantages of
our method compared to the baseline.",http://arxiv.org/pdf/2407.10805v1,2024-07-15,2407.10805v1,Think-on-Graph 2.0: Deep and Interpretable Large Language Model Reasoning with Knowledge Graph-guided Retrieval,gpt-4,highly irrelevant,"The paper primarily discusses Retrieval-augmented generation and the use of knowledge-graphs to improve large language model reasoning, with no mention of prompt engineering or hard prefix prompting.",,
Mix-CPT: A Domain Adaptation Framework via Decoupling Knowledge Learning and Format Alignment,"['Jinhao Jiang', 'Junyi Li', 'Wayne Xin Zhao', 'Yang Song', 'Tao Zhang', 'Ji-Rong Wen']","Adapting general large language models (LLMs) to specialized domains presents
great challenges due to varied data distributions. This adaptation typically
requires continual pre-training on massive domain-specific corpora to
facilitate knowledge memorization, followed by training to apply this knowledge
following human instructions and preferences. However, this method may result
in inefficient knowledge memorization due to a lack of awareness of knowledge
utilization and imposes substantial demands on LLMs to simultaneously learn
knowledge utilization and format alignment with limited training samples. To
facilitate the domain adaptation of LLM, we revise this process and propose a
new domain adaptation framework including domain knowledge learning and general
format alignment, called Mix-CPT. Specifically, we first conduct a knowledge
mixture continual pre-training that concurrently focuses on knowledge
memorization and utilization, allowing for mutual reinforcement. To avoid
catastrophic forgetting during the continual pre-training process, we further
incorporate a logit swap self-distillation constraint. Subsequently, leveraging
the knowledge and capabilities acquired during continual pre-training, we
efficiently perform instruction tuning and alignment with a few general
training samples to achieve format alignment. Extensive experiments demonstrate
that our proposed Mix-CPT framework can simultaneously improve the task-solving
capabilities of LLMs on the target and general domains compared to the
traditional adaptation methods.",http://arxiv.org/pdf/2407.10804v1,2024-07-15,2407.10804v1,Mix-CPT: A Domain Adaptation Framework via Decoupling Knowledge Learning and Format Alignment,gpt-4,highly irrelevant,"The paper focuses on a domain adaptation framework for large language models, with no specific mention of hard prefix prompting or prompt engineering techniques.",,
Mammographic Breast Positioning Assessment via Deep Learning,"['Toygar Tanyel', 'Nurper Denizoglu', 'Mustafa Ege Seker', 'Deniz Alis', 'Esma Cerekci', 'Ercan Karaarslan', 'Erkin Aribal', 'Ilkay Oksuz']","Breast cancer remains a leading cause of cancer-related deaths among women
worldwide, with mammography screening as the most effective method for the
early detection. Ensuring proper positioning in mammography is critical, as
poor positioning can lead to diagnostic errors, increased patient stress, and
higher costs due to recalls. Despite advancements in deep learning (DL) for
breast cancer diagnostics, limited focus has been given to evaluating
mammography positioning. This paper introduces a novel DL methodology to
quantitatively assess mammogram positioning quality, specifically in
mediolateral oblique (MLO) views using attention and coordinate convolution
modules. Our method identifies key anatomical landmarks, such as the nipple and
pectoralis muscle, and automatically draws a posterior nipple line (PNL),
offering robust and inherently explainable alternative to well-known
classification and regression-based approaches. We compare the performance of
proposed methodology with various regression and classification-based models.
The CoordAtt UNet model achieved the highest accuracy of 88.63% $\pm$ 2.84 and
specificity of 90.25% $\pm$ 4.04, along with a noteworthy sensitivity of 86.04%
$\pm$ 3.41. In landmark detection, the same model also recorded the lowest mean
errors in key anatomical points and the smallest angular error of 2.42 degrees.
Our results indicate that models incorporating attention mechanisms and
CoordConv module increase the accuracy in classifying breast positioning
quality and detecting anatomical landmarks. Furthermore, we make the labels and
source codes available to the community to initiate an open research area for
mammography, accessible at https://github.com/tanyelai/deep-breast-positioning.",http://arxiv.org/pdf/2407.10796v1,2024-07-15,2407.10796v1,Mammographic Breast Positioning Assessment via Deep Learning,gpt-4,highly irrelevant,The paper focuses on a deep learning methodology to assess mammogram positioning quality but does not mention or relate to prompt engineering or hard prefix prompting.,,
Multilingual Contrastive Decoding via Language-Agnostic Layers Skipping,"['Wenhao Zhu', 'Sizhe Liu', 'Shujian Huang', 'Shuaijie She', 'Chris Wendler', 'Jiajun Chen']","Decoding by contrasting layers (DoLa), is designed to improve the generation
quality of large language models (LLMs) by contrasting the prediction
probabilities between an early exit output (amateur logits) and the final
output (expert logits). However, we find that this approach does not work well
on non-English tasks. Inspired by previous interpretability work on language
transition during the model's forward pass, we discover that this issue arises
from a language mismatch between early exit output and final output. In this
work, we propose an improved contrastive decoding algorithm that is effective
for diverse languages beyond English. To obtain more helpful amateur logits, we
devise two strategies to skip a set of bottom, language-agnostic layers based
on our preliminary analysis. Experimental results on multilingual reasoning
benchmarks demonstrate that our proposed method outperforms previous
contrastive decoding baselines and substantially improves LLM's
chain-of-thought reasoning accuracy across 11 languages. The project will be
available at: https://github.com/NJUNLP/SkipLayerCD.",http://arxiv.org/pdf/2407.10795v1,2024-07-15,2407.10795v1,Multilingual Contrastive Decoding via Language-Agnostic Layers Skipping,gpt-4,highly irrelevant,The paper concentrates on improving the generational quality of large language models through a proposed method of contrastive decoding but does not discuss hard prefix prompting or prompt engineering techniques.,,
Graphusion: Leveraging Large Language Models for Scientific Knowledge Graph Fusion and Construction in NLP Education,"['Rui Yang', 'Boming Yang', 'Sixun Ouyang', 'Tianwei She', 'Aosong Feng', 'Yuang Jiang', 'Freddy Lecue', 'Jinghui Lu', 'Irene Li']","Knowledge graphs (KGs) are crucial in the field of artificial intelligence
and are widely applied in downstream tasks, such as enhancing Question
Answering (QA) systems. The construction of KGs typically requires significant
effort from domain experts. Recently, Large Language Models (LLMs) have been
used for knowledge graph construction (KGC), however, most existing approaches
focus on a local perspective, extracting knowledge triplets from individual
sentences or documents. In this work, we introduce Graphusion, a zero-shot KGC
framework from free text. The core fusion module provides a global view of
triplets, incorporating entity merging, conflict resolution, and novel triplet
discovery. We showcase how Graphusion could be applied to the natural language
processing (NLP) domain and validate it in the educational scenario.
Specifically, we introduce TutorQA, a new expert-verified benchmark for graph
reasoning and QA, comprising six tasks and a total of 1,200 QA pairs. Our
evaluation demonstrates that Graphusion surpasses supervised baselines by up to
10% in accuracy on link prediction. Additionally, it achieves average scores of
2.92 and 2.37 out of 3 in human evaluations for concept entity extraction and
relation recognition, respectively.",http://arxiv.org/pdf/2407.10794v1,2024-07-15,2407.10794v1,Graphusion: Leveraging Large Language Models for Scientific Knowledge Graph Fusion and Construction in NLP Education,gpt-4,highly irrelevant,"The abstract discusses knowledge graph construction and reasoning tasks, rather than prompt engineering or hard prefix prompting.",,
GraphEval: A Knowledge-Graph Based LLM Hallucination Evaluation Framework,"['Hannah Sansford', 'Nicholas Richardson', 'Hermina Petric Maretic', 'Juba Nait Saada']","Methods to evaluate Large Language Model (LLM) responses and detect
inconsistencies, also known as hallucinations, with respect to the provided
knowledge, are becoming increasingly important for LLM applications. Current
metrics fall short in their ability to provide explainable decisions,
systematically check all pieces of information in the response, and are often
too computationally expensive to be used in practice. We present GraphEval: a
hallucination evaluation framework based on representing information in
Knowledge Graph (KG) structures. Our method identifies the specific triples in
the KG that are prone to hallucinations and hence provides more insight into
where in the response a hallucination has occurred, if at all, than previous
methods. Furthermore, using our approach in conjunction with state-of-the-art
natural language inference (NLI) models leads to an improvement in balanced
accuracy on various hallucination benchmarks, compared to using the raw NLI
models. Lastly, we explore the use of GraphEval for hallucination correction by
leveraging the structure of the KG, a method we name GraphCorrect, and
demonstrate that the majority of hallucinations can indeed be rectified.",http://arxiv.org/pdf/2407.10793v1,2024-07-15,2407.10793v1,GraphEval: A Knowledge-Graph Based LLM Hallucination Evaluation Framework,gpt-4,highly irrelevant,"The paper is focused on evaluating and detecting inconsistencies in LLM responses and hallucinations, there is no reference to hard prefix prompting or prompt engineering techniques.",,
AdapTable: Test-Time Adaptation for Tabular Data via Shift-Aware Uncertainty Calibrator and Label Distribution Handler,"['Changhun Kim', 'Taewon Kim', 'Seungyeon Woo', 'June Yong Yang', 'Eunho Yang']","In real-world applications, tabular data often suffer from distribution
shifts due to their widespread and abundant nature, leading to erroneous
predictions of pre-trained machine learning models. However, addressing such
distribution shifts in the tabular domain has been relatively underexplored due
to unique challenges such as varying attributes and dataset sizes, as well as
the limited representation learning capabilities of deep learning models for
tabular data. Particularly, with the recent promising paradigm of test-time
adaptation (TTA), where we adapt the off-the-shelf model to the unlabeled
target domain during the inference phase without accessing the source domain,
we observe that directly adopting commonly used TTA methods from other domains
often leads to model collapse. We systematically explore challenges in tabular
data test-time adaptation, including skewed entropy, complex latent space
decision boundaries, confidence calibration issues with both overconfident and
under-confident, and model bias towards source label distributions along with
class imbalances. Based on these insights, we introduce AdapTable, a novel
tabular test-time adaptation method that directly modifies output probabilities
by estimating target label distributions and adjusting initial probabilities
based on calibrated uncertainty. Extensive experiments on both natural
distribution shifts and synthetic corruptions demonstrate the adaptation
efficacy of the proposed method.",http://arxiv.org/pdf/2407.10784v1,2024-07-15,2407.10784v1,AdapTable: Test-Time Adaptation for Tabular Data via Shift-Aware Uncertainty Calibrator and Label Distribution Handler,gpt-4,highly irrelevant,"The paper focuses on dealing with distribution shifts in tabular data and introduces a new method for test-time adaptation, with no mention or discussion of hard prefix prompting or prompt engineering.",,
MSegRNN:Enhanced SegRNN Model with Mamba for Long-Term Time Series Forecasting,"['GaoXiang Zhao', 'XiaoQiang Wang']","The field of long-term time series forecasting demands handling extensive
look-back windows and long-range prediction steps, posing significant
challenges for RNN-based methodologies. Among these, SegRNN, a robust
RNN-driven model, has gained considerable attention in LTSF analysis for
achieving state-of-the-art results while maintaining a remarkably streamlined
architecture. Concurrently, the Mamba structure has demonstrated its advantages
in small to medium-sized models due to its capability for information
selection. This study introduces a variant of SegRNN that preprocesses
information using a fine-tuned single-layer Mamba structure. Additionally, it
incorporates implicit segmentation and residual structures into the model's
encoding section to further reduce the inherent data iterative cycles of RNN
architectures and implicitly integrate inter-channel correlations. This
variant, named MSegRNN, utilizes the Mamba structure to select useful
information, resulting in a transformed sequence. The linear-strategy-adapted
derivative retains the superior memory efficiency of the original SegRNN while
demonstrating enhanced performance. Empirical evaluations on real-world LTSF
datasets demonstrate the superior performance of our model, thereby
contributing to the advancement of LTSF methodologies.",http://arxiv.org/pdf/2407.10768v1,2024-07-15,2407.10768v1,MSegRNN:Enhanced SegRNN Model with Mamba for Long-Term Time Series Forecasting,gpt-4,highly irrelevant,"The paper is centered around long-term time series forecasting, not prompt engineering or hard prefix prompting.",,
Continual Deep Learning on the Edge via Stochastic Local Competition among Subnetworks,"['Theodoros Christophides', 'Kyriakos Tolias', 'Sotirios Chatzis']","Continual learning on edge devices poses unique challenges due to stringent
resource constraints. This paper introduces a novel method that leverages
stochastic competition principles to promote sparsity, significantly reducing
deep network memory footprint and computational demand. Specifically, we
propose deep networks that comprise blocks of units that compete locally to win
the representation of each arising new task; competition takes place in a
stochastic manner. This type of network organization results in sparse
task-specific representations from each network layer; the sparsity pattern is
obtained during training and is different among tasks. Crucially, our method
sparsifies both the weights and the weight gradients, thus facilitating
training on edge devices. This is performed on the grounds of winning
probability for each unit in a block. During inference, the network retains
only the winning unit and zeroes-out all weights pertaining to non-winning
units for the task at hand. Thus, our approach is specifically tailored for
deployment on edge devices, providing an efficient and scalable solution for
continual learning in resource-limited environments.",http://arxiv.org/pdf/2407.10758v1,2024-07-15,2407.10758v1,Continual Deep Learning on the Edge via Stochastic Local Competition among Subnetworks,gpt-4,highly irrelevant,"The abstract of the paper does not mention prompt engineering, hard prefix prompts or related concepts, and is more focused on the system of continual learning in a resource-limited environment.",,
What distinguishes conspiracy from critical narratives? A computational analysis of oppositional discourse,"['Damir KorenÄiÄ‡', 'Berta Chulvi', 'Xavier Bonet Casals', 'Alejandro Toselli', 'Mariona TaulÃ©', 'Paolo Rosso']","The current prevalence of conspiracy theories on the internet is a
significant issue, tackled by many computational approaches. However, these
approaches fail to recognize the relevance of distinguishing between texts
which contain a conspiracy theory and texts which are simply critical and
oppose mainstream narratives. Furthermore, little attention is usually paid to
the role of inter-group conflict in oppositional narratives. We contribute by
proposing a novel topic-agnostic annotation scheme that differentiates between
conspiracies and critical texts, and that defines span-level categories of
inter-group conflict. We also contribute with the multilingual
XAI-DisInfodemics corpus (English and Spanish), which contains a high-quality
annotation of Telegram messages related to COVID-19 (5,000 messages per
language). We also demonstrate the feasibility of an NLP-based automatization
by performing a range of experiments that yield strong baseline solutions.
Finally, we perform an analysis which demonstrates that the promotion of
intergroup conflict and the presence of violence and anger are key aspects to
distinguish between the two types of oppositional narratives, i.e., conspiracy
vs. critical.",http://arxiv.org/pdf/2407.10745v1,2024-07-15,2407.10745v1,What distinguishes conspiracy from critical narratives? A computational analysis of oppositional discourse,gpt-4,highly irrelevant,"The paper is focused on analyzing and distinguishing between conspiracy and critical narrative texts, with no mention of hard prefix prompting or prompt engineering in any way.",,
Scaling 3D Reasoning with LMMs to Large Robot Mission Environments Using Datagraphs,"['W. J. Meijer', 'A. C. Kemmeren', 'E. H. J. Riemens', 'J. E. Fransman', 'M. van Bekkum', 'G. J. Burghouts', 'J. D. van Mil']","This paper addresses the challenge of scaling Large Multimodal Models (LMMs)
to expansive 3D environments. Solving this open problem is especially relevant
for robot deployment in many first-responder scenarios, such as
search-and-rescue missions that cover vast spaces. The use of LMMs in these
settings is currently hampered by the strict context windows that limit the
LMM's input size. We therefore introduce a novel approach that utilizes a
datagraph structure, which allows the LMM to iteratively query smaller sections
of a large environment. Using the datagraph in conjunction with graph traversal
algorithms, we can prioritize the most relevant locations to the query, thereby
improving the scalability of 3D scene language tasks. We illustrate the
datagraph using 3D scenes, but these can be easily substituted by other dense
modalities that represent the environment, such as pointclouds or Gaussian
splats. We demonstrate the potential to use the datagraph for two 3D scene
language task use cases, in a search-and-rescue mission example.",http://arxiv.org/pdf/2407.10743v1,2024-07-15,2407.10743v1,Scaling 3D Reasoning with LMMs to Large Robot Mission Environments Using Datagraphs,gpt-4,highly irrelevant,The paper primarily focuses on Large Multimodal Models (LMMs) and their application in expansive 3D environments and does not discuss any aspect of prompt engineering or hard prefix encouraging.,,
Aligning Neuronal Coding of Dynamic Visual Scenes with Foundation Vision Models,"['Rining Wu', 'Feixiang Zhou', 'Ziwei Yin', 'Jian K. Liu']","Our brains represent the ever-changing environment with neurons in a highly
dynamic fashion. The temporal features of visual pixels in dynamic natural
scenes are entrapped in the neuronal responses of the retina. It is crucial to
establish the intrinsic temporal relationship between visual pixels and
neuronal responses. Recent foundation vision models have paved an advanced way
of understanding image pixels. Yet, neuronal coding in the brain largely lacks
a deep understanding of its alignment with pixels. Most previous studies employ
static images or artificial videos derived from static images for emulating
more real and complicated stimuli. Despite these simple scenarios effectively
help to separate key factors influencing visual coding, complex temporal
relationships receive no consideration. To decompose the temporal features of
visual coding in natural scenes, here we propose Vi-ST, a spatiotemporal
convolutional neural network fed with a self-supervised Vision Transformer
(ViT) prior, aimed at unraveling the temporal-based encoding patterns of
retinal neuronal populations. The model demonstrates robust predictive
performance in generalization tests. Furthermore, through detailed ablation
experiments, we demonstrate the significance of each temporal module.
Furthermore, we introduce a visual coding evaluation metric designed to
integrate temporal considerations and compare the impact of different numbers
of neuronal populations on complementary coding. In conclusion, our proposed
Vi-ST demonstrates a novel modeling framework for neuronal coding of dynamic
visual scenes in the brain, effectively aligning our brain representation of
video with neuronal activity. The code is available at
https://github.com/wurining/Vi-ST.",http://arxiv.org/pdf/2407.10737v1,2024-07-15,2407.10737v1,Aligning Neuronal Coding of Dynamic Visual Scenes with Foundation Vision Models,gpt-4,highly irrelevant,"The paper focuses on modeling neuronal coding of dynamic visual scenes, using a spatiotemporal convolutional neural network. It does not mention prompts, let alone hard prefix prompts or prompt engineering, and does not seem to relate to post-training prompting techniques.",,
Transforming Agency. On the mode of existence of Large Language Models,"['Xabier E. Barandiaran', 'Lola S. Almendros']","This paper investigates the ontological characterization of Large Language
Models (LLMs) like ChatGPT. Between inflationary and deflationary accounts, we
pay special attention to their status as agents. This requires explaining in
detail the architecture, processing, and training procedures that enable LLMs
to display their capacities, and the extensions used to turn LLMs into
agent-like systems. After a systematic analysis we conclude that a LLM fails to
meet necessary and sufficient conditions for autonomous agency in the light of
embodied theories of mind: the individuality condition (it is not the product
of its own activity, it is not even directly affected by it), the normativity
condition (it does not generate its own norms or goals), and, partially the
interactional asymmetry condition (it is not the origin and sustained source of
its interaction with the environment). If not agents, then ... what are LLMs?
We argue that ChatGPT should be characterized as an interlocutor or linguistic
automaton, a library-that-talks, devoid of (autonomous) agency, but capable to
engage performatively on non-purposeful yet purpose-structured and
purpose-bounded tasks. When interacting with humans, a ""ghostly"" component of
the human-machine interaction makes it possible to enact genuine conversational
experiences with LLMs. Despite their lack of sensorimotor and biological
embodiment, LLMs textual embodiment (the training corpus) and resource-hungry
computational embodiment, significantly transform existing forms of human
agency. Beyond assisted and extended agency, the LLM-human coupling can produce
midtended forms of agency, closer to the production of intentional agency than
to the extended instrumentality of any previous technologies.",http://arxiv.org/pdf/2407.10735v1,2024-07-15,2407.10735v1,Transforming Agency. On the mode of existence of Large Language Models,gpt-4,highly irrelevant,"The paper focuses on the ontological characterization of Large Language Models, their status as agents, and their transformation of human agency, but does not discuss prompting or prompt engineering.",,
On-Device Training of Fully Quantized Deep Neural Networks on Cortex-M Microcontrollers,"['Mark Deutel', 'Frank Hannig', 'Christopher Mutschler', 'JÃ¼rgen Teich']","On-device training of DNNs allows models to adapt and fine-tune to newly
collected data or changing domains while deployed on microcontroller units
(MCUs). However, DNN training is a resource-intensive task, making the
implementation and execution of DNN training algorithms on MCUs challenging due
to low processor speeds, constrained throughput, limited floating-point
support, and memory constraints. In this work, we explore on-device training of
DNNs for Cortex-M MCUs. We present a method that enables efficient training of
DNNs completely in place on the MCU using fully quantized training (FQT) and
dynamic partial gradient updates. We demonstrate the feasibility of our
approach on multiple vision and time-series datasets and provide insights into
the tradeoff between training accuracy, memory overhead, energy, and latency on
real hardware.",http://arxiv.org/pdf/2407.10734v1,2024-07-15,2407.10734v1,On-Device Training of Fully Quantized Deep Neural Networks on Cortex-M Microcontrollers,gpt-4,highly irrelevant,"The abstract focuses on on-device training of DNNs using MCUs, which is a training method, not a prompting technique.",,
CLAVE: An Adaptive Framework for Evaluating Values of LLM Generated Responses,"['Jing Yao', 'Xiaoyuan Yi', 'Xing Xie']","The rapid progress in Large Language Models (LLMs) poses potential risks such
as generating unethical content. Assessing LLMs' values can help expose their
misalignment, but relies on reference-free evaluators, e.g., fine-tuned LLMs or
close-source ones like GPT-4, to identify values reflected in generated
responses. Nevertheless, these evaluators face two challenges in open-ended
value evaluation: they should align with changing human value definitions with
minimal annotation, against their own bias (adaptability), and detect varying
value expressions and scenarios robustly (generalizability). To handle these
challenges, we introduce CLAVE, a novel framework which integrates two
complementary LLMs, a large one to extract high-level value concepts from a few
human labels, leveraging its extensive knowledge and generalizability, and a
smaller one fine-tuned on such concepts to better align with human value
understanding. This dual-model approach enables calibration with any value
systems using <100 human-labeled samples per value type. Then we present
ValEval, a comprehensive dataset comprising 13k+ (text,value,label) tuples
across diverse domains, covering three major value systems. We benchmark the
capabilities of 12+ popular LLM evaluators and analyze their strengths and
weaknesses. Our findings reveal that combining fine-tuned small models and
prompt-based large ones serves as a superior balance in value evaluation.",http://arxiv.org/pdf/2407.10725v1,2024-07-15,2407.10725v1,CLAVE: An Adaptive Framework for Evaluating Values of LLM Generated Responses,gpt-4,highly irrelevant,The paper discusses value assessment of language models via a framework and does not focus on the topic of hard prefix prompting or prompt engineering.,,
Sibyl: Simple yet Effective Agent Framework for Complex Real-world Reasoning,"['Yulong Wang', 'Tianhao Shen', 'Lifeng Liu', 'Jian Xie']","Existing agents based on large language models (LLMs) demonstrate robust
problem-solving capabilities by integrating LLMs' inherent knowledge, strong
in-context learning and zero-shot capabilities, and the use of tools combined
with intricately designed LLM invocation workflows by humans. However, these
agents still exhibit shortcomings in long-term reasoning and under-use the
potential of existing tools, leading to noticeable deficiencies in complex
real-world reasoning scenarios. To address these limitations, we introduce
Sibyl, a simple yet powerful LLM-based agent framework designed to tackle
complex reasoning tasks by efficiently leveraging a minimal set of tools.
Drawing inspiration from Global Workspace Theory, Sibyl incorporates a global
workspace to enhance the management and sharing of knowledge and conversation
history throughout the system. Furthermore, guided by Society of Mind Theory,
Sibyl implements a multi-agent debate-based jury to self-refine the final
answers, ensuring a comprehensive and balanced approach. This approach aims to
reduce system complexity while expanding the scope of problems solvable-from
matters typically resolved by humans in minutes to those requiring hours or
even days, thus facilitating a shift from System-1 to System-2 thinking. Sibyl
has been designed with a focus on scalability and ease of debugging by
incorporating the concept of reentrancy from functional programming from its
inception, with the aim of seamless and low effort integration in other LLM
applications to improve capabilities. Our experimental results on the GAIA
benchmark test set reveal that the Sibyl agent instantiated with GPT-4 achieves
state-of-the-art performance with an average score of 34.55%, compared to other
agents based on GPT-4. We hope that Sibyl can inspire more reliable and
reusable LLM-based agent solutions to address complex real-world reasoning
tasks.",http://arxiv.org/pdf/2407.10718v1,2024-07-15,2407.10718v1,Sibyl: Simple yet Effective Agent Framework for Complex Real-world Reasoning,gpt-4,highly irrelevant,"The abstract discusses the development of a language model-based agent for complex reasoning tasks, with a focus on knowledge management, conversation history sharing, and answer refinement, but it does not mention prompt engineering or hard prefix prompting.",,
SEMINAR: Search Enhanced Multi-modal Interest Network and Approximate Retrieval for Lifelong Sequential Recommendation,"['Kaiming Shen', 'Xichen Ding', 'Zixiang Zheng', 'Yuqi Gong', 'Qianqian Li', 'Zhongyi Liu', 'Guannan Zhang']","The modeling of users' behaviors is crucial in modern recommendation systems.
A lot of research focuses on modeling users' lifelong sequences, which can be
extremely long and sometimes exceed thousands of items. These models use the
target item to search for the most relevant items from the historical sequence.
However, training lifelong sequences in click through rate (CTR) prediction or
personalized search ranking (PSR) is extremely difficult due to the
insufficient learning problem of ID embedding, especially when the IDs in the
lifelong sequence features do not exist in the samples of training dataset.
Additionally, existing target attention mechanisms struggle to learn the
multi-modal representations of items in the sequence well. The distribution of
multi-modal embedding (text, image and attributes) output of user's interacted
items are not properly aligned and there exist divergence across modalities. We
also observe that users' search query sequences and item browsing sequences can
fully depict users' intents and benefit from each other. To address these
challenges, we propose a unified lifelong multi-modal sequence model called
SEMINAR-Search Enhanced Multi-Modal Interest Network and Approximate Retrieval.
Specifically, a network called Pretraining Search Unit (PSU) learns the
lifelong sequences of multi-modal query-item pairs in a pretraining-finetuning
manner with multiple objectives: multi-modal alignment, next query-item pair
prediction, query-item relevance prediction, etc. After pretraining, the
downstream model restores the pretrained embedding as initialization and
finetunes the network. To accelerate the online retrieval speed of multi-modal
embedding, we propose a multi-modal codebook-based product quantization
strategy to approximate the exact attention calculati",http://arxiv.org/pdf/2407.10714v1,2024-07-15,2407.10714v1,SEMINAR: Search Enhanced Multi-modal Interest Network and Approximate Retrieval for Lifelong Sequential Recommendation,gpt-4,highly irrelevant,"The paper's abstract does not mention any form of prompting or hard prefix prompting, and it focuses primarily on modeling users' behavior in recommendation systems, not prompt engineering.",,
DOCBENCH: A Benchmark for Evaluating LLM-based Document Reading Systems,"['Anni Zou', 'Wenhao Yu', 'Hongming Zhang', 'Kaixin Ma', 'Deng Cai', 'Zhuosheng Zhang', 'Hai Zhao', 'Dong Yu']","Recently, there has been a growing interest among large language model (LLM)
developers in LLM-based document reading systems, which enable users to upload
their own documents and pose questions related to the document contents, going
beyond simple reading comprehension tasks. Consequently, these systems have
been carefully designed to tackle challenges such as file parsing, metadata
extraction, multi-modal information understanding and long-context reading.
However, no current benchmark exists to evaluate their performance in such
scenarios, where a raw file and questions are provided as input, and a
corresponding response is expected as output. In this paper, we introduce
DocBench, a new benchmark designed to evaluate LLM-based document reading
systems. Our benchmark involves a meticulously crafted process, including the
recruitment of human annotators and the generation of synthetic questions. It
includes 229 real documents and 1,102 questions, spanning across five different
domains and four major types of questions. We evaluate both proprietary
LLM-based systems accessible via web interfaces or APIs, and a parse-then-read
pipeline employing open-source LLMs. Our evaluations reveal noticeable gaps
between existing LLM-based document reading systems and human performance,
underscoring the challenges of developing proficient systems. To summarize,
DocBench aims to establish a standardized benchmark for evaluating LLM-based
document reading systems under diverse real-world scenarios, thereby guiding
future advancements in this research area.",http://arxiv.org/pdf/2407.10701v1,2024-07-15,2407.10701v1,DOCBENCH: A Benchmark for Evaluating LLM-based Document Reading Systems,gpt-4,highly irrelevant,"The paper discusses the evaluation of large language model-based document reading systems using a newly proposed benchmark but does not mention prompting, prompt engineering, or any related concepts.",,
$\texttt{MixGR}$: Enhancing Retriever Generalization for Scientific Domain through Complementary Granularity,"['Fengyu Cai', 'Xinran Zhao', 'Tong Chen', 'Sihao Chen', 'Hongming Zhang', 'Iryna Gurevych', 'Heinz Koeppl']","Recent studies show the growing significance of document retrieval in the
generation of LLMs, i.e., RAG, within the scientific domain by bridging their
knowledge gap. However, dense retrievers often struggle with domain-specific
retrieval and complex query-document relationships, particularly when query
segments correspond to various parts of a document. To alleviate such prevalent
challenges, this paper introduces $\texttt{MixGR}$, which improves dense
retrievers' awareness of query-document matching across various levels of
granularity in queries and documents using a zero-shot approach.
$\texttt{MixGR}$ fuses various metrics based on these granularities to a united
score that reflects a comprehensive query-document similarity. Our experiments
demonstrate that $\texttt{MixGR}$ outperforms previous document retrieval by
24.7% and 9.8% on nDCG@5 with unsupervised and supervised retrievers,
respectively, averaged on queries containing multiple subqueries from five
scientific retrieval datasets. Moreover, the efficacy of two downstream
scientific question-answering tasks highlights the advantage of
$\texttt{MixGR}$to boost the application of LLMs in the scientific domain.",http://arxiv.org/pdf/2407.10691v1,2024-07-15,2407.10691v1,$\texttt{MixGR}$: Enhancing Retriever Generalization for Scientific Domain through Complementary Granularity,gpt-4,highly irrelevant,"The paper is about document retrieval in the generation of LLMs, specifically enhancing retriever generalization through a metric-fusion approach. It does not discuss prompt engineering or hard prefix prompting techniques.",,
